name,accuracy
Naive Bayes,0.9928730512249443
Logistic,0.9389755011135857
SoftMax,0.9928730512249443
LSTM,0.990757226943969
