name,accuracy
SoftMax,0.8293768545994066
SVM,0.8367952522255193
K-Nearest Neighbors,0.701780415430267
Random Forest,0.8175074183976261
